t_epoch,name,cpu_pct,mem_mib
1790659711,tsbench-influx27-1,54.09,99.2
1790659711,tsbench-client-run-f7d6063f3cff,57.36,98.5
1790659715,tsbench-client-run-f7d6063f3cff,58.21,75.6
1790659715,tsbench-influx27-1,60.93,120.7
1790659718,tsbench-client-run-f7d6063f3cff,61.84,86.5
1790659718,tsbench-influx27-1,66.57,147.0
1790659721,tsbench-client-run-f7d6063f3cff,54.91,89.8
1790659721,tsbench-influx27-1,52.58,185.9
1790659725,tsbench-client-run-f7d6063f3cff,60.75,99.0
1790659725,tsbench-influx27-1,103.54,105.8
1790659728,tsbench-client-run-f7d6063f3cff,57.76,102.6
1790659728,tsbench-influx27-1,59.88,126.0
1790659731,tsbench-influx27-1,0.10,143.5
1790659735,tsbench-influx27-1,0.09,143.4
1790659738,tsbench-influx27-1,0.15,142.4
1790659741,tsbench-influx27-1,0.09,143.3
1790659745,tsbench-influx27-1,2.24,143.5
1790659748,tsbench-influx27-1,0.10,143.1
1790659751,tsbench-influx27-1,0.09,143.5
1790659754,tsbench-influx27-1,2.31,143.7
1790659758,tsbench-influx27-1,0.06,143.3
1790659761,tsbench-influx27-1,0.12,143.4
1790659764,tsbench-influx27-1,2.20,143.4
1790659767,tsbench-influx27-1,0.18,142.1
1790659771,tsbench-influx27-1,0.09,142.8
1790659774,tsbench-influx27-1,2.52,146.2
1790659777,tsbench-influx27-1,0.11,143.7
1790659781,tsbench-influx27-1,0.09,143.5
1790659784,tsbench-influx27-1,2.16,146.3
1790659787,tsbench-influx27-1,0.05,143.9
1790659791,tsbench-influx27-1,14.12,145.2
1790659791,tsbench-client-run-5f46edbbf8ae,18.81,25.2
1790659795,tsbench-influx27-1,38.99,153.4
1790659798,tsbench-client-run-d258b6b38ee3,0.31,22.4
1790659798,tsbench-influx27-1,0.64,154.8
1790659801,tsbench-client-run-d258b6b38ee3,0.33,22.8
1790659801,tsbench-influx27-1,0.76,155.2
1790659805,tsbench-client-run-d258b6b38ee3,0.33,22.2
1790659805,tsbench-influx27-1,3.04,155.3
1790659808,tsbench-client-run-d258b6b38ee3,0.29,23.0
1790659808,tsbench-influx27-1,0.74,155.1
1790659811,tsbench-client-run-d258b6b38ee3,0.47,23.1
1790659811,tsbench-influx27-1,3.25,155.2
1790659814,tsbench-client-run-d258b6b38ee3,0.45,23.1
1790659814,tsbench-influx27-1,0.95,155.5
1790659818,tsbench-client-run-d258b6b38ee3,0.38,22.9
1790659818,tsbench-influx27-1,0.80,155.3
1790659821,tsbench-client-run-d258b6b38ee3,0.28,23.1
1790659821,tsbench-influx27-1,0.69,155.1
1790659824,tsbench-client-run-d258b6b38ee3,0.88,23.1
1790659824,tsbench-influx27-1,5.33,155.2
1790659827,tsbench-client-run-d258b6b38ee3,0.44,22.5
1790659827,tsbench-influx27-1,0.81,153.7
1790659831,tsbench-client-run-d258b6b38ee3,0.37,23.2
1790659831,tsbench-influx27-1,3.55,153.8
1790659834,tsbench-client-run-d258b6b38ee3,0.28,23.2
1790659834,tsbench-influx27-1,0.62,153.3
1790659837,tsbench-client-run-d258b6b38ee3,0.36,23.2
1790659837,tsbench-influx27-1,0.67,152.5
1790659841,tsbench-client-run-d258b6b38ee3,0.31,23.2
1790659841,tsbench-influx27-1,0.65,153.0
1790659844,tsbench-client-run-d258b6b38ee3,0.30,23.5
1790659844,tsbench-influx27-1,0.63,153.2
1790659847,tsbench-client-run-d258b6b38ee3,0.34,23.3
1790659847,tsbench-influx27-1,0.80,153.2
1790659851,tsbench-client-run-d258b6b38ee3,0.48,22.8
1790659851,tsbench-influx27-1,0.88,152.9
1790659854,tsbench-client-run-d258b6b38ee3,0.52,22.1
1790659854,tsbench-influx27-1,1.24,152.5
1790659857,tsbench-influx27-1,0.07,148.0
