rot-edgex-app-mqtt-export,36.92MiB / 7.6GiB
rot-edgex-device-modbus,27.77MiB / 7.6GiB
rot-edgex-core-data,31.3MiB / 7.6GiB
rot-edgex-ui,21.17MiB / 7.6GiB
rot-edgex-core-command,20.21MiB / 7.6GiB
rot-edgex-core-metadata,25.05MiB / 7.6GiB
rot-edgex-common-config,996KiB / 7.6GiB
rot-flink-taskmanager,1.04GiB / 7.6GiB
rot-edgex-core-keeper,23.28MiB / 7.6GiB
rot-flink-jobmanager,701.1MiB / 7.6GiB
rot-fuxa,110.3MiB / 7.6GiB
rot-telegraf-sink,198.7MiB / 7.6GiB
rot-grafana,110.4MiB / 7.6GiB
rot-alert-republisher,157.3MiB / 7.6GiB
rot-telegraf-bridge,194MiB / 7.6GiB
rot-kafka-exporter,15.99MiB / 7.6GiB
rot-edgex-postgres,63.64MiB / 7.6GiB
rot-zookeeper,129MiB / 7.6GiB
rot-edgex-mqtt-broker,1.336MiB / 7.6GiB
rot-prometheus,110.7MiB / 7.6GiB
rot-kafka,672.2MiB / 7.6GiB
rot-influxdb,103MiB / 7.6GiB
rot-alertmanager,26.42MiB / 7.6GiB
rot-emqx,311.9MiB / 7.6GiB
rot-plant-simulator,43.62MiB / 7.6GiB
rot-cadvisor,51.25MiB / 7.6GiB
